<KicadtoNgspice><source><v1 name="Source type">dc<field1 name="Value">1.8</field1></v1><v2 name="Source type">pulse<field1 name="Initial Value">0</field1><field2 name="Pulse Value">1.8</field2><field3 name="Delay Time">0.1m</field3><field4 name="Rise Time">0.1m</field4><field5 name="Fall Time">0.1m</field5><field5 name="Pulse width">5m</field5><field5 name="Period">10m</field5></v2><v3 name="Source type">pulse<field1 name="Initial Value">1.8</field1><field2 name="Pulse Value">0</field2><field3 name="Delay Time">0.1m</field3><field4 name="Rise Time">0.1m</field4><field5 name="Fall Time">0.1m</field5><field5 name="Pulse width">5m</field5><field5 name="Period">25m</field5></v3><v2 name="Source type">dc<field1 name="Value">1.8</field1></v2><v4 name="Source type">dc<field1 name="Value">3.3</field1></v4><v5 name="Source type">pulse<field1 name="Initial Value">0</field1><field2 name="Pulse Value">1.8</field2><field3 name="Delay Time">0.1m</field3><field4 name="Rise Time">0.1m</field4><field5 name="Fall Time">0.1m</field5><field5 name="Pulse width">0.6m</field5><field5 name="Period">1.2m</field5></v5></source><model><u3 name="type">jkff<field1 name="Enter Rise Delay (default=1.0e-9)" /><field2 name="Enter Fall Delay (default=1.0e-9)" /><field3 name="Enter Input Load (default=1.0e-12)" /><field4 name="Enter Instance ID (Between 0-99)" /></u3><u5 name="type">jkff<field5 name="Enter Rise Delay (default=1.0e-9)" /><field6 name="Enter Fall Delay (default=1.0e-9)" /><field7 name="Enter Input Load (default=1.0e-12)" /><field8 name="Enter Instance ID (Between 0-99)" /></u5><u7 name="type">jkff<field9 name="Enter Rise Delay (default=1.0e-9)" /><field10 name="Enter Fall Delay (default=1.0e-9)" /><field11 name="Enter Input Load (default=1.0e-12)" /><field12 name="Enter Instance ID (Between 0-99)" /></u7><u8 name="type">jkff<field13 name="Enter Rise Delay (default=1.0e-9)" /><field14 name="Enter Fall Delay (default=1.0e-9)" /><field15 name="Enter Input Load (default=1.0e-12)" /><field16 name="Enter Instance ID (Between 0-99)" /></u8><u9 name="type">adc_bridge<field17 name="Enter value for in_low (default=1.0)" /><field18 name="Enter value for in_high (default=2.0)" /><field19 name="Enter Rise Delay (default=1.0e-9)" /><field20 name="Enter Fall Delay (default=1.0e-9)" /></u9><u10 name="type">adc_bridge<field21 name="Enter value for in_low (default=1.0)" /><field22 name="Enter value for in_high (default=2.0)" /><field23 name="Enter Rise Delay (default=1.0e-9)" /><field24 name="Enter Fall Delay (default=1.0e-9)" /></u10><u11 name="type">adc_bridge<field25 name="Enter value for in_low (default=1.0)" /><field26 name="Enter value for in_high (default=2.0)" /><field27 name="Enter Rise Delay (default=1.0e-9)" /><field28 name="Enter Fall Delay (default=1.0e-9)" /></u11><u12 name="type">dac_bridge<field29 name="Enter value for out_low (default=0.0)" /><field30 name="Enter value for out_high (default=5.0)" /><field31 name="Enter value for out_undef (default=0.5)" /><field32 name="Enter value for input load (default=1.0e-12)" /><field33 name="Enter the Rise Time (default=1.0e-9)" /><field34 name="Enter the Fall Time (default=1.0e-9)" /></u12><u12 name="type">adc_bridge<field29 name="Enter value for in_low (default=1.0)" /><field30 name="Enter value for in_high (default=2.0)" /><field31 name="Enter Rise Delay (default=1.0e-9)" /><field32 name="Enter Fall Delay (default=1.0e-9)" /></u12><u13 name="type">dac_bridge<field33 name="Enter value for out_low (default=0.0)" /><field34 name="Enter value for out_high (default=5.0)" /><field35 name="Enter value for out_undef (default=0.5)" /><field36 name="Enter value for input load (default=1.0e-12)" /><field37 name="Enter the Rise Time (default=1.0e-9)" /><field38 name="Enter the Fall Time (default=1.0e-9)" /></u13><u14 name="type">adc_bridge<field39 name="Enter value for in_low (default=1.0)" /><field40 name="Enter value for in_high (default=2.0)" /><field41 name="Enter Rise Delay (default=1.0e-9)" /><field42 name="Enter Fall Delay (default=1.0e-9)" /></u14><u15 name="type">dac_bridge<field43 name="Enter value for out_low (default=0.0)" /><field44 name="Enter value for out_high (default=5.0)" /><field45 name="Enter value for out_undef (default=0.5)" /><field46 name="Enter value for input load (default=1.0e-12)" /><field47 name="Enter the Rise Time (default=1.0e-9)" /><field48 name="Enter the Fall Time (default=1.0e-9)" /></u15><u16 name="type">dac_bridge<field49 name="Enter value for out_low (default=0.0)" /><field50 name="Enter value for out_high (default=5.0)" /><field51 name="Enter value for out_undef (default=0.5)" /><field52 name="Enter value for input load (default=1.0e-12)" /><field53 name="Enter the Rise Time (default=1.0e-9)" /><field54 name="Enter the Fall Time (default=1.0e-9)" /></u16><u17 name="type">dac_bridge<field55 name="Enter value for out_low (default=0.0)" /><field56 name="Enter value for out_high (default=5.0)" /><field57 name="Enter value for out_undef (default=0.5)" /><field58 name="Enter value for input load (default=1.0e-12)" /><field59 name="Enter the Rise Time (default=1.0e-9)" /><field60 name="Enter the Fall Time (default=1.0e-9)" /></u17><u18 name="type">dac_bridge<field61 name="Enter value for out_low (default=0.0)" /><field62 name="Enter value for out_high (default=5.0)" /><field63 name="Enter value for out_undef (default=0.5)" /><field64 name="Enter value for input load (default=1.0e-12)" /><field65 name="Enter the Rise Time (default=1.0e-9)" /><field66 name="Enter the Fall Time (default=1.0e-9)" /></u18><u19 name="type">adc_bridge<field67 name="Enter value for in_low (default=1.0)" /><field68 name="Enter value for in_high (default=2.0)" /><field69 name="Enter Rise Delay (default=1.0e-9)" /><field70 name="Enter Fall Delay (default=1.0e-9)" /></u19><u3 name="type">jk_ff_sky130<field55 name="Enter Rise Delay (default=1.0e-9)" /><field56 name="Enter Fall Delay (default=1.0e-9)" /><field57 name="Enter Input Load (default=1.0e-12)" /><field58 name="Enter Instance ID (Between 0-99)" /></u3><u5 name="type">jk_ff_sky130<field59 name="Enter Rise Delay (default=1.0e-9)" /><field60 name="Enter Fall Delay (default=1.0e-9)" /><field61 name="Enter Input Load (default=1.0e-12)" /><field62 name="Enter Instance ID (Between 0-99)" /></u5><u7 name="type">jk_ff_sky130<field63 name="Enter Rise Delay (default=1.0e-9)" /><field64 name="Enter Fall Delay (default=1.0e-9)" /><field65 name="Enter Input Load (default=1.0e-12)" /><field66 name="Enter Instance ID (Between 0-99)" /></u7><u8 name="type">jk_ff_sky130<field67 name="Enter Rise Delay (default=1.0e-9)" /><field68 name="Enter Fall Delay (default=1.0e-9)" /><field69 name="Enter Input Load (default=1.0e-12)" /><field70 name="Enter Instance ID (Between 0-99)" /></u8><u22 name="type">dac_bridge<field71 name="Enter value for out_low (default=0.0)" /><field72 name="Enter value for out_high (default=5.0)" /><field73 name="Enter value for out_undef (default=0.5)" /><field74 name="Enter value for input load (default=1.0e-12)" /><field75 name="Enter the Rise Time (default=1.0e-9)" /><field76 name="Enter the Fall Time (default=1.0e-9)" /></u22><u1 name="type">dac_bridge<field61 name="Enter value for out_low (default=0.0)" /><field62 name="Enter value for out_high (default=5.0)" /><field63 name="Enter value for out_undef (default=0.5)" /><field64 name="Enter value for input load (default=1.0e-12)" /><field65 name="Enter the Rise Time (default=1.0e-9)" /><field66 name="Enter the Fall Time (default=1.0e-9)" /></u1><u2 name="type">dac_bridge<field67 name="Enter value for out_low (default=0.0)" /><field68 name="Enter value for out_high (default=5.0)" /><field69 name="Enter value for out_undef (default=0.5)" /><field70 name="Enter value for input load (default=1.0e-12)" /><field71 name="Enter the Rise Time (default=1.0e-9)" /><field72 name="Enter the Fall Time (default=1.0e-9)" /></u2></model><devicemodel><scmode1><field>/usr/share/local/sky130_fd_pr/models/sky130.lib.spice</field><field>tt</field></scmode1><sc2><field /></sc2><sc3><field /></sc3><sc6><field /></sc6><sc8><field /></sc8><sc9><field /></sc9><sc12><field /></sc12><sc14><field /></sc14><sc15><field /></sc15><sc18><field /></sc18><sc20><field /></sc20><sc22><field /></sc22><sc26><field /></sc26><sc19><field /></sc19><sc21><field /></sc21><sc25><field /></sc25><sc23><field>W=1000 L=5000 MF=3000</field></sc23><sc24><field>L=425 W=1</field></sc24><sc4><field /></sc4><sc1><field /></sc1><sc5><field /></sc5><sc7><field /></sc7><sc11><field /></sc11><sc13><field /></sc13><sc17><field /></sc17><sc10><field /></sc10><sc16><field /></sc16></devicemodel><subcircuit /><analysis><ac><field1 name="Lin">true</field1><field2 name="Dec">false</field2><field3 name="Oct">false</field3><field4 name="Start Frequency" /><field5 name="Stop Frequency" /><field6 name="No. of points" /><field7 name="Start Fre Combo">Hz</field7><field8 name="Stop Fre Combo">Hz</field8></ac><dc><field1 name="Source 1" /><field2 name="Start" /><field3 name="Increment" /><field4 name="Stop" /><field5 name="Operating Point">0</field5><field6 name="Start Combo">Volts or Amperes</field6><field7 name="Increment Combo">Volts or Amperes</field7><field8 name="Stop Combo">Volts or Amperes</field8><field9 name="Source 2" /><field10 name="Start" /><field11 name="Increment" /><field12 name="Stop" /><field13 name="Start Combo">Volts or Amperes</field13><field14 name="Increment Combo">Volts or Amperes</field14><field15 name="Stop Combo">Volts or Amperes</field15></dc><tran><field1 name="Start Time">0</field1><field2 name="Step Time">1</field2><field3 name="Stop Time">50</field3><field4 name="Start Combo">sec</field4><field5 name="Step Combo">ms</field5><field6 name="Stop Combo">ms</field6></tran></analysis></KicadtoNgspice>